"","V1","V2"
"1","L'arrivo di un treno nella stazione di La Ciotat ","<img style=margin:3px 0;margin-right:6px;padding:0 height=57 src=https://encrypted-tbn0.gstatic.com/images?q=tbn:ANd9GcTMEiiQMowACWdZT4RD3COmSpC_dbl36U48DxpE3gt2s5oZOPQYXAGTnBY  align=left width=100 height=200>"
"2","LE MANOIR DU DIABLE ","<img style=margin:3px 0;margin-right:6px;padding:0 height=81 src=https://encrypted-tbn0.gstatic.com/images?q=tbn:ANd9GcTTMKyhBHl3ujSqL1-41KQQrd2HQZWP6X6ZS4PTcxtbP9pVZZ2QpbBNJQ  align=left width=100 height=200>"
"3","LA PASSION DU CHRIST ","<img style=margin:3px 0;margin-right:6px;padding:0 height=83 src=https://encrypted-tbn0.gstatic.com/images?q=tbn:ANd9GcR1_cyfDBUR7GA2G1haq9hXsD__5lPENIWW7NLCvJjJAdpmrK_tiTu__Q  align=left width=100 height=200>"
"4","THE PASSION OF CHRIST ","<img style=margin:3px 0;margin-right:6px;padding:0 height=81 src=https://encrypted-tbn0.gstatic.com/images?q=tbn:ANd9GcQWnDe_EvPKJ3nCBiTBxlj6eZe4g3G_Y7Czq75YW8DFTUQC161RSgaajg  align=left width=100 height=200>"
"5","PASSION DU CHRIST ","<img style=margin:3px 0;margin-right:6px;padding:0 height=86 src=https://encrypted-tbn0.gstatic.com/images?q=tbn:ANd9GcSqA9wjzU4EV3GhZHvL3Z5NsPIZn2AT9r2J40SoWZjquoU3sbvD_YoJBYI  align=left width=100 height=200>"
"6","Passione di Gesù ","<img style=margin:3px 0;margin-right:6px;padding:0 height=84 src=https://encrypted-tbn0.gstatic.com/images?q=tbn:ANd9GcQ2rg7sO1_Vcuw81w59KVEAPvZLKyMTB0uGcX883Ob3w0P2SMr6pFl3_Pw  align=left width=100 height=200>"
"7","VIAGGIO NELLA LUNA ","<img style=margin:3px 0;margin-right:6px;padding:0 height=90 src=https://encrypted-tbn0.gstatic.com/images?q=tbn:ANd9GcTJFW8O02UomHMWeo5wkNSG1fKG4Csupnw3IZM4cuIXljnquGOJKeZDtE4  align=left width=100 height=200>"
"8","Assalto al treno ","<img style=margin:3px 0;margin-right:6px;padding:0 height=90 src=https://encrypted-tbn0.gstatic.com/images?q=tbn:ANd9GcTYBN0FHR7UIut5J8gXY0NDq21GyCwfccbsLdkRosmEUJWLqnwTqF0B7g  align=left width=100 height=200>"
"9","THE PASSION OF CHRIST ","<img style=margin:3px 0;margin-right:6px;padding:0 height=73 src=https://encrypted-tbn0.gstatic.com/images?q=tbn:ANd9GcSsZf0GOJlPC8ugv56KK-2qIfyEtRQEcOJ6Ao8tBM3NmKxQRZov63AULSk  align=left width=100 height=200>"
"10","Berlin Calling ","<img style=margin:3px 0;margin-right:6px;padding:0 height=85 src=https://encrypted-tbn0.gstatic.com/images?q=tbn:ANd9GcQV-P0IziFuXS8jYbbA1NbA6JM8bXDXG502-K_ZRCIi1Fo4GmBzLNf5iVY  align=left width=100 height=200>"
"11","FANFAN LA TULIPE ","<img style=margin:3px 0;margin-right:6px;padding:0 height=87 src=https://encrypted-tbn0.gstatic.com/images?q=tbn:ANd9GcTX8Kcmo-akRvwhLJ4Ukd8U6vruMtzseic1bO9SEYKKxyk4_J2gb9pf0A  align=left width=100 height=200>"
"12","Gli ultimi giorni di Pompei ","<img style=margin:3px 0;margin-right:6px;padding:0 height=79 src=https://encrypted-tbn0.gstatic.com/images?q=tbn:ANd9GcTuQYnAeEFXtbFWgLcJ5D1TdsXGCiV-0ckYGImmlxEi6KCXsFMK4P_r1A  align=left width=100 height=200>"
"13","IL BACIO DI GIUDA ","<img style=margin:3px 0;margin-right:6px;padding:0 height=73 src=https://encrypted-tbn0.gstatic.com/images?q=tbn:ANd9GcTfqry0x4JBuJy4JR2ONQ4ggvavQwD-YU4MHHC7KpJVp-AXMmnb3TuADQ  align=left width=100 height=200>"
"14","L'INFERNO ","<img style=margin:3px 0;margin-right:6px;padding:0 height=63 src=https://encrypted-tbn0.gstatic.com/images?q=tbn:ANd9GcTPW5pjoCAXZu77iQ8LZH-bLL0Lfgd9m7KUQxJn9sAjRqNhI_U9Aj3Xlos  align=left width=100 height=200>"
"15","Gesù di Nazareth ","<img style=margin:3px 0;margin-right:6px;padding:0 height=88 src=https://encrypted-tbn0.gstatic.com/images?q=tbn:ANd9GcQKqbqzp723COP3F7LmmjTIk7sGVg99XDiCzl--lIiXeWZ8KNqcQSwrvw  align=left width=100 height=200>"
"16","QUO VADIS? ","<img style=margin:3px 0;margin-right:6px;padding:0 height=79 src=https://encrypted-tbn0.gstatic.com/images?q=tbn:ANd9GcT4GO6Yp43SURgoX-mK80jJPQ9IZJcXbMpjmbMQcg8hy7BhrEbE6xynA_g  align=left width=100 height=200>"
"17","CENERENTOLA ","<img style=margin:3px 0;margin-right:6px;padding:0 height=90 src=https://encrypted-tbn0.gstatic.com/images?q=tbn:ANd9GcTxJFbFQXzQ9zqcX0SctYC6RTy7z8FXlhC9ZHk7C6SyNNSlw39x5LcxUg  align=left width=100 height=200>"
"18","Cabiria ","<img style=margin:3px 0;margin-right:6px;padding:0 height=88 src=https://encrypted-tbn0.gstatic.com/images?q=tbn:ANd9GcR9CvAvC_MqqA6DtifiADqTALoix3RfDtlVpQobnWdKzZTwkxxJlHul4Q  align=left width=100 height=200>"
"19","IL DIRITTO DI UCCIDERE ","<img style=margin:3px 0;margin-right:6px;padding:0 height=90 src=https://encrypted-tbn0.gstatic.com/images?q=tbn:ANd9GcT3QFmuSb4eUEmOYaTcLoK6teDNHHpK8oishI_7blEsr9Uu3Ty7l7KyPw  align=left width=100 height=200>"
"20","Intolerance ","<img style=margin:3px 0;margin-right:6px;padding:0 height=86 src=https://encrypted-tbn0.gstatic.com/images?q=tbn:ANd9GcRuMNnE1eTy-adfrpkoMPPQUwXD24HEmsXvPyp_a0ddmiUmZaMaaZmNzA  align=left width=100 height=200>"
"21","L'EMIGRANTE ","<img style=margin:3px 0;margin-right:6px;padding:0 height=86 src=https://encrypted-tbn0.gstatic.com/images?q=tbn:ANd9GcQqvMl9gAUoG_kyTtK0YtBKSgxDg4ljYUX8tFx1KMfcxMp-1Irb8Nrncwo  align=left width=100 height=200>"
"22","Vita da cani ","<img style=margin:3px 0;margin-right:6px;padding:0 height=85 src=https://encrypted-tbn0.gstatic.com/images?q=tbn:ANd9GcT4ra4EMUkrsPjKND9LNhwMegUafaine525lXxi1twBZ2EC-mV1TIzeSic  align=left width=100 height=200>"
"23","LA BELLA E LA BESTIA ","<img style=margin:3px 0;margin-right:6px;padding:0 height=86 src=https://encrypted-tbn0.gstatic.com/images?q=tbn:ANd9GcRtRDyQ0QXI3bEepPeYhCeORb_8zI9_SNurmMi3vF8d41uj0XrfhTu3xd4  align=left width=100 height=200>"
"24","L'ULTIMO DEI MOHICANI ","<img style=margin:3px 0;margin-right:6px;padding:0 height=81 src=https://encrypted-tbn0.gstatic.com/images?q=tbn:ANd9GcTTZi2dvPSqOYIITMb3j9kMBtUAhoZPp8gRxuGXj6y_721lMHK5Ec4rjw  align=left width=100 height=200>"
"25","Il monello ","<img style=margin:3px 0;margin-right:6px;padding:0 height=86 src=https://encrypted-tbn0.gstatic.com/images?q=tbn:ANd9GcSxWzkV6YSVS6D4rfhLM8iK_HYg1YVIOKu-QOkhAT5KUzyueFBI3qQVrw  align=left width=100 height=200>"
"26","Nosferatu il vampiro ","<img style=margin:3px 0;margin-right:6px;padding:0 height=89 src=https://encrypted-tbn0.gstatic.com/images?q=tbn:ANd9GcTww6nJfwbLb0-PN6H8NM3Kar4Hppy_eedSUzd-97xHanMOsDqe5bXy-w  align=left width=100 height=200>"
"27","I DIECI COMANDAMENTI ","<img style=margin:3px 0;margin-right:6px;padding:0 height=81 src=https://encrypted-tbn0.gstatic.com/images?q=tbn:ANd9GcQaZbYf5R-_cLOXpJ8nZtbq0iiItrQ8uK2QmkKX6nYumWqPohh-Aw_iGA  align=left width=100 height=200>"
"28","Calma, signori miei! ","<img style=margin:3px 0;margin-right:6px;padding:0 height=90 src=https://encrypted-tbn0.gstatic.com/images?q=tbn:ANd9GcTUab7lukQFTdp-lryl1jAng6Eu69kr--eOMnfPwfE0ag857DKp_wNXYg  align=left width=100 height=200>"
"29","Ben Hur ","<img style=margin:3px 0;margin-right:6px;padding:0 height=90 src=https://encrypted-tbn0.gstatic.com/images?q=tbn:ANd9GcQaaLwTi5vjvNVKfBvliyMkfTQOP23-pVr2o0Rm-nG3pCr0MAEvqW_7Ks4  align=left width=100 height=200>"
"30","Il grande Gatsby ","<img style=margin:3px 0;margin-right:6px;padding:0 height=90 src=https://encrypted-tbn0.gstatic.com/images?q=tbn:ANd9GcTrUtCTDSyPfClng7-m6DSQ2yZdmvLWYfjxoPGcUs-MIdlQ8QmCcWbeQ5w  align=left width=100 height=200>"
"31","Metropolis ","<img style=margin:3px 0;margin-right:6px;padding:0 height=86 src=https://encrypted-tbn0.gstatic.com/images?q=tbn:ANd9GcTdzE099Xyp_wLn8EbpNKrA5ENGNl8rDF8N-FnqlQKJc2KeOLHWwdV_61k  align=left width=100 height=200>"
"32","LA PASSIONE DI GIOVANNA D'ARCO ","<img style=margin:3px 0;margin-right:6px;padding:0 height=90 src=https://encrypted-tbn0.gstatic.com/images?q=tbn:ANd9GcRvAu-aXdFkYarnxH_mtJOmdAPwzNSjPG70C7Kfqy3O8ryqZ-TCrtVl8Q  align=left width=100 height=200>"
"33","Un cane andaluso ","<img style=margin:3px 0;margin-right:6px;padding:0 height=86 src=https://encrypted-tbn0.gstatic.com/images?q=tbn:ANd9GcTB4w708SxEJa-TqMykCk087s7jY8Yf5FSLhaeqRFjuzwmOC3FiTyXYnw  align=left width=100 height=200>"
"34","All'ovest niente di nuovo ","<img style=margin:3px 0;margin-right:6px;padding:0 height=80 src=https://encrypted-tbn0.gstatic.com/images?q=tbn:ANd9GcTmCZRAaxWfc9uijBr3fJS8j1uhTmim30BIo6PXjgGqj_Ebba44g1NASA  align=left width=100 height=200>"
"35","M, Il mostro di Düsseldorf ","<img style=margin:3px 0;margin-right:6px;padding:0 height=90 src=https://encrypted-tbn0.gstatic.com/images?q=tbn:ANd9GcQVh3IqRS8A-nkIMfwpNfeyPpSQekZFY6e_knuGfDhdLrdpvdFk3wZ0QQ  align=left width=100 height=200>"
"36","Freaks ","<img style=margin:3px 0;margin-right:6px;padding:0 height=85 src=https://encrypted-tbn0.gstatic.com/images?q=tbn:ANd9GcS61WYxhgRuA58yec66VhsMhx1t6BVoeZORiuR-XUZSNvui-DSthIlvuVE  align=left width=100 height=200>"
"37","King Kong ","<img style=margin:3px 0;margin-right:6px;padding:0 height=90 src=https://encrypted-tbn0.gstatic.com/images?q=tbn:ANd9GcQF8NGbHmM1r-cwPQ24MsNCoVOlOXtT7LTBRE_TLJ-QFmPsuYl0U4P5lA  align=left width=100 height=200>"
"38","Accadde una notte ","<img style=margin:3px 0;margin-right:6px;padding:0 height=90 src=https://encrypted-tbn0.gstatic.com/images?q=tbn:ANd9GcRheS8IifpzCMG7oWASdyGEIWNqKpXWDogDcNqCt3PY8P9o6JONwK9etq0  align=left width=100 height=200>"
"39","Il club dei trentanove ","<img style=margin:3px 0;margin-right:6px;padding:0 height=79 src=https://encrypted-tbn0.gstatic.com/images?q=tbn:ANd9GcQ2IBWvk1ciVEstgbcWyKY_vJ6ag6YBtPcSwwNo74vXTsdtMjcWtlPlpw  align=left width=100 height=200>"
"40","Tempi moderni ","<img style=margin:3px 0;margin-right:6px;padding:0 height=89 src=https://encrypted-tbn0.gstatic.com/images?q=tbn:ANd9GcQ6BwWDiKxOIWenJlgbgbXHBIupEN6kaYfxO-LbdOeONricjTV8GmGeCA  align=left width=100 height=200>"
"41","RASPUTIN ","<img style=margin:3px 0;margin-right:6px;padding:0 height=90 src=https://encrypted-tbn0.gstatic.com/images?q=tbn:ANd9GcQORIO3zHIs-AhP9Gice9mct1LTf4aIIEPulM36RHHLnLOTk2A5uSSB9w  align=left width=100 height=200>"
"42","La leggenda di Robin Hood ","<img style=margin:3px 0;margin-right:6px;padding:0 height=86 src=https://encrypted-tbn0.gstatic.com/images?q=tbn:ANd9GcSRop0xuEvbxIyBCTfwCbFftJcwVVzweRkdltAhtDvCxLPGD0vYt7_uLfo  align=left width=100 height=200>"
"43","Via col vento ","<img style=margin:3px 0;margin-right:6px;padding:0 height=85 src=https://encrypted-tbn0.gstatic.com/images?q=tbn:ANd9GcSPdo6PAoVTTWQFpaTk2A8NZk-KEp4dmyQ2Hnog8hcpCWrGg2HVts4qyg  align=left width=100 height=200>"
"44","Il grande dittatore ","<img style=margin:3px 0;margin-right:6px;padding:0 height=86 src=https://encrypted-tbn0.gstatic.com/images?q=tbn:ANd9GcR741JfjKn-2gX6atdH7Igb8SXPVFWk88t5enTS2ZpRwVDJ0mRCrQOu3VQ  align=left width=100 height=200>"
"45","Quarto potere ","<img style=margin:3px 0;margin-right:6px;padding:0 height=84 src=https://encrypted-tbn0.gstatic.com/images?q=tbn:ANd9GcQpztv0QFgOcVEwmsjxhVtzBlGh5QxiM7QzMYrhiHFwMziQ4r3tmaM2vA  align=left width=100 height=200>"
"46","Casablanca ","<img style=margin:3px 0;margin-right:6px;padding:0 height=86 src=https://encrypted-tbn0.gstatic.com/images?q=tbn:ANd9GcRwju4Nq8_4K6sEsWfsB3bWLHY0gtJ3V15Xbxq99OA2GaVBaVtY_y28mg  align=left width=100 height=200>"
"47","L'OMBRA DEL DUBBIO ","<img style=margin:3px 0;margin-right:6px;padding:0 height=78 src=https://encrypted-tbn0.gstatic.com/images?q=tbn:ANd9GcTDw0d5MSOmpJuPXbLM4Mmr1fMlJo8bNgo6-JsciBrlpdopYFK43Tk3JeU  align=left width=100 height=200>"
"48","Sherlock Holmes ","<img style=margin:3px 0;margin-right:6px;padding:0 height=86 src=https://encrypted-tbn0.gstatic.com/images?q=tbn:ANd9GcRXQNpGQnLE5oh_Q3YL7mk3VFU8rzwqXM4PZI09mQ2iZ5qDmEQklZDqJw  align=left width=100 height=200>"
"49","I DIECI COMANDAMENTI ","<img style=margin:3px 0;margin-right:6px;padding:0 height=90 src=https://encrypted-tbn0.gstatic.com/images?q=tbn:ANd9GcQs97lP053TdNNicBNX4UGERf_ANR8eErD2KX0zplKSkjt_j4u54D3K-g  align=left width=100 height=200>"
"50","Il grande sonno ","<img style=margin:3px 0;margin-right:6px;padding:0 height=86 src=https://encrypted-tbn0.gstatic.com/images?q=tbn:ANd9GcTYcbgzZXUA7xDDswfbsvpIKgAA9GJmxKxmjw0mwHI2XsY-Sog6nIV_ANE  align=left width=100 height=200>"
"51","La vita è meravigliosa ","<img style=margin:3px 0;margin-right:6px;padding:0 height=90 src=https://encrypted-tbn0.gstatic.com/images?q=tbn:ANd9GcTO5RPXQ628Kkfo4EDxQ6X5Od9Zh9s5Ycu29oqhH5P9DSsdYpYeMpHMjw  align=left width=100 height=200>"
"52","Ladri di biciclette ","<img style=margin:3px 0;margin-right:6px;padding:0 height=85 src=https://encrypted-tbn0.gstatic.com/images?q=tbn:ANd9GcTJoO64M9Hir3oHTEz52HY3cRhlIS7HV3dV_V7HBJPYbclqS2GPnN5utFs  align=left width=100 height=200>"
"53","Il terzo uomo ","<img style=margin:3px 0;margin-right:6px;padding:0 height=86 src=https://encrypted-tbn0.gstatic.com/images?q=tbn:ANd9GcTDUfQ5jL2GaXq1j8yudITTL2ZJpaDLHjyM0NPvnJ42bkFyVwgVf4pdWg  align=left width=100 height=200>"
"54","Viale del Tramonto ","<img style=margin:3px 0;margin-right:6px;padding:0 height=84 src=https://encrypted-tbn0.gstatic.com/images?q=tbn:ANd9GcR7UDIX7sbeDaI4VC-ZH74YREKHYz-xk-Cdo5LCkr38jntSH00hSALmRy0  align=left width=100 height=200>"
"55","L'altro uomo - Delitto per delitto ","<img style=margin:3px 0;margin-right:6px;padding:0 height=87 src=https://encrypted-tbn0.gstatic.com/images?q=tbn:ANd9GcSGthXHmbjOvIKACJXw-dZfF7WbTxEftILow8pn0zJFOFwwwJUcZCqiVe8  align=left width=100 height=200>"
"56","Cantando sotto la pioggia ","<img style=margin:3px 0;margin-right:6px;padding:0 height=83 src=https://encrypted-tbn0.gstatic.com/images?q=tbn:ANd9GcTq4zpYmj4T_YXsGnK766m0-T6Id8OIuTMFHb7EBmdncP2D3hbGMDsukGM  align=left width=100 height=200>"
"57","Vacanze romane ","<img style=margin:3px 0;margin-right:6px;padding:0 height=77 src=https://encrypted-tbn0.gstatic.com/images?q=tbn:ANd9GcSzClqfG6feFcmkf4Rc3SE8_1c3DDCGj_q3mg2aivjZXUhbT3S4j_cJSw  align=left width=100 height=200>"
"58","La finestra sul cortile ","<img style=margin:3px 0;margin-right:6px;padding:0 height=81 src=https://encrypted-tbn0.gstatic.com/images?q=tbn:ANd9GcSOC8VDBlhOSSIRAWNSBd7-jySdNhpnPz0LNhgQSzFm3YsJGitSi4SNF-M  align=left width=100 height=200>"
"59","La morte corre sul fiume ","<img style=margin:3px 0;margin-right:6px;padding:0 height=83 src=https://encrypted-tbn0.gstatic.com/images?q=tbn:ANd9GcTW0Q2NoZxchjl8gkkhleDFKPYCNaVrYHUpd5N3pGh8nXjPz4z89KdOGNQ  align=left width=100 height=200>"
"60","L'IMPERO DEL SOLE ","<img style=margin:3px 0;margin-right:6px;padding:0 height=84 src=https://encrypted-tbn0.gstatic.com/images?q=tbn:ANd9GcSzHhCN6FyHjO1l70puJXTfJA5GhdWFi94QkEsgXeP88ZNJw0NhKUiWtQ  align=left width=100 height=200>"
"61","La parola ai giurati ","<img style=margin:3px 0;margin-right:6px;padding:0 height=86 src=https://encrypted-tbn0.gstatic.com/images?q=tbn:ANd9GcRzevCyJzgVag63rzwWcK2lqmFevtpuIcOpG0M5BmA080UFZ-8bPN58mQ  align=left width=100 height=200>"
"62","La donna che visse due volte ","<img style=margin:3px 0;margin-right:6px;padding:0 height=86 src=https://encrypted-tbn0.gstatic.com/images?q=tbn:ANd9GcQyvfRa6RykKx8W910RwfDu8l3rbUxF-VihOfFOTwHH2avSYpyAp9jRCQ  align=left width=100 height=200>"
"63","Intrigo internazionale ","<img style=margin:3px 0;margin-right:6px;padding:0 height=90 src=https://encrypted-tbn0.gstatic.com/images?q=tbn:ANd9GcTnAFbrLLiNs40TB82Ltj-0Cm_J39K65E4hAXsHiFsOZGEblMMybxdGNA  align=left width=100 height=200>"
"64","Psyco ","<img style=margin:3px 0;margin-right:6px;padding:0 height=54 src=https://encrypted-tbn0.gstatic.com/images?q=tbn:ANd9GcSrYgcdrM1_WOxMkLzasrvQuJTIp2Bs9rgtlt8dB4zgVknGzW6EY0Xsqg  align=left width=100 height=200>"
"65","La guerra di Troia ","<img style=margin:3px 0;margin-right:6px;padding:0 height=57 src=https://encrypted-tbn0.gstatic.com/images?q=tbn:ANd9GcTMEiiQMowACWdZT4RD3COmSpC_dbl36U48DxpE3gt2s5oZOPQYXAGTnBY  align=left width=100 height=200>"
"66","Il buio oltre la siepe ","<img style=margin:3px 0;margin-right:6px;padding:0 height=81 src=https://encrypted-tbn0.gstatic.com/images?q=tbn:ANd9GcTTMKyhBHl3ujSqL1-41KQQrd2HQZWP6X6ZS4PTcxtbP9pVZZ2QpbBNJQ  align=left width=100 height=200>"
"67","La grande fuga ","<img style=margin:3px 0;margin-right:6px;padding:0 height=83 src=https://encrypted-tbn0.gstatic.com/images?q=tbn:ANd9GcR1_cyfDBUR7GA2G1haq9hXsD__5lPENIWW7NLCvJjJAdpmrK_tiTu__Q  align=left width=100 height=200>"
"68","Il dottor Stranamore ","<img style=margin:3px 0;margin-right:6px;padding:0 height=81 src=https://encrypted-tbn0.gstatic.com/images?q=tbn:ANd9GcQWnDe_EvPKJ3nCBiTBxlj6eZe4g3G_Y7Czq75YW8DFTUQC161RSgaajg  align=left width=100 height=200>"
"69","Per qualche dollaro in più ","<img style=margin:3px 0;margin-right:6px;padding:0 height=86 src=https://encrypted-tbn0.gstatic.com/images?q=tbn:ANd9GcSqA9wjzU4EV3GhZHvL3Z5NsPIZn2AT9r2J40SoWZjquoU3sbvD_YoJBYI  align=left width=100 height=200>"
"70","Il buono, il brutto, il cattivo ","<img style=margin:3px 0;margin-right:6px;padding:0 height=84 src=https://encrypted-tbn0.gstatic.com/images?q=tbn:ANd9GcQ2rg7sO1_Vcuw81w59KVEAPvZLKyMTB0uGcX883Ob3w0P2SMr6pFl3_Pw  align=left width=100 height=200>"
"71","Il laureato ","<img style=margin:3px 0;margin-right:6px;padding:0 height=84 src=https://encrypted-tbn0.gstatic.com/images?q=tbn:ANd9GcQhDlSBPwr-DquJ3I2MmsxehPMTFYaemK5nyvd9owES35Ehz6XkZHVp9cM  align=left width=100 height=200>"
"72","2001: Odissea nello spazio ","<img style=margin:3px 0;margin-right:6px;padding:0 height=90 src=https://encrypted-tbn0.gstatic.com/images?q=tbn:ANd9GcTJFW8O02UomHMWeo5wkNSG1fKG4Csupnw3IZM4cuIXljnquGOJKeZDtE4  align=left width=100 height=200>"
"73","Butch Cassidy ","<img style=margin:3px 0;margin-right:6px;padding:0 height=90 src=https://encrypted-tbn0.gstatic.com/images?q=tbn:ANd9GcTYBN0FHR7UIut5J8gXY0NDq21GyCwfccbsLdkRosmEUJWLqnwTqF0B7g  align=left width=100 height=200>"
"74","Patton generale d'acciaio ","<img style=margin:3px 0;margin-right:6px;padding:0 height=86 src=https://encrypted-tbn0.gstatic.com/images?q=tbn:ANd9GcQF98Vcoh2d68PJ-hn-RL29Nh2a5BcfddwFtS3_FBVj2AHw6VnOc5qOPg  align=left width=100 height=200>"
"75","Arancia meccanica ","<img style=margin:3px 0;margin-right:6px;padding:0 height=73 src=https://encrypted-tbn0.gstatic.com/images?q=tbn:ANd9GcSsZf0GOJlPC8ugv56KK-2qIfyEtRQEcOJ6Ao8tBM3NmKxQRZov63AULSk  align=left width=100 height=200>"
"76","Il Padrino ","<img style=margin:3px 0;margin-right:6px;padding:0 height=85 src=https://encrypted-tbn0.gstatic.com/images?q=tbn:ANd9GcQV-P0IziFuXS8jYbbA1NbA6JM8bXDXG502-K_ZRCIi1Fo4GmBzLNf5iVY  align=left width=100 height=200>"
"77","La stangata ","<img style=margin:3px 0;margin-right:6px;padding:0 height=87 src=https://encrypted-tbn0.gstatic.com/images?q=tbn:ANd9GcTX8Kcmo-akRvwhLJ4Ukd8U6vruMtzseic1bO9SEYKKxyk4_J2gb9pf0A  align=left width=100 height=200>"
"78","Chinatown ","<img style=margin:3px 0;margin-right:6px;padding:0 height=79 src=https://encrypted-tbn0.gstatic.com/images?q=tbn:ANd9GcTuQYnAeEFXtbFWgLcJ5D1TdsXGCiV-0ckYGImmlxEi6KCXsFMK4P_r1A  align=left width=100 height=200>"
"79","Qualcuno volò sul nido del cuculo ","<img style=margin:3px 0;margin-right:6px;padding:0 height=73 src=https://encrypted-tbn0.gstatic.com/images?q=tbn:ANd9GcTfqry0x4JBuJy4JR2ONQ4ggvavQwD-YU4MHHC7KpJVp-AXMmnb3TuADQ  align=left width=100 height=200>"
"80","Taxi Driver ","<img style=margin:3px 0;margin-right:6px;padding:0 height=63 src=https://encrypted-tbn0.gstatic.com/images?q=tbn:ANd9GcTPW5pjoCAXZu77iQ8LZH-bLL0Lfgd9m7KUQxJn9sAjRqNhI_U9Aj3Xlos  align=left width=100 height=200>"
"81","Guerre stellari ","<img style=margin:3px 0;margin-right:6px;padding:0 height=88 src=https://encrypted-tbn0.gstatic.com/images?q=tbn:ANd9GcQKqbqzp723COP3F7LmmjTIk7sGVg99XDiCzl--lIiXeWZ8KNqcQSwrvw  align=left width=100 height=200>"
"82","Il cacciatore ","<img style=margin:3px 0;margin-right:6px;padding:0 height=79 src=https://encrypted-tbn0.gstatic.com/images?q=tbn:ANd9GcT4GO6Yp43SURgoX-mK80jJPQ9IZJcXbMpjmbMQcg8hy7BhrEbE6xynA_g  align=left width=100 height=200>"
"83","Alien ","<img style=margin:3px 0;margin-right:6px;padding:0 height=90 src=https://encrypted-tbn0.gstatic.com/images?q=tbn:ANd9GcTxJFbFQXzQ9zqcX0SctYC6RTy7z8FXlhC9ZHk7C6SyNNSlw39x5LcxUg  align=left width=100 height=200>"
"84","L'Impero colpisce ancora ","<img style=margin:3px 0;margin-right:6px;padding:0 height=88 src=https://encrypted-tbn0.gstatic.com/images?q=tbn:ANd9GcR9CvAvC_MqqA6DtifiADqTALoix3RfDtlVpQobnWdKzZTwkxxJlHul4Q  align=left width=100 height=200>"
"85","Indiana Jones e i Predatori dell'Arca Perduta ","<img style=margin:3px 0;margin-right:6px;padding:0 height=90 src=https://encrypted-tbn0.gstatic.com/images?q=tbn:ANd9GcT3QFmuSb4eUEmOYaTcLoK6teDNHHpK8oishI_7blEsr9Uu3Ty7l7KyPw  align=left width=100 height=200>"
"86","Blade Runner ","<img style=margin:3px 0;margin-right:6px;padding:0 height=86 src=https://encrypted-tbn0.gstatic.com/images?q=tbn:ANd9GcRuMNnE1eTy-adfrpkoMPPQUwXD24HEmsXvPyp_a0ddmiUmZaMaaZmNzA  align=left width=100 height=200>"
"87","Il ritorno dello Jedi ","<img style=margin:3px 0;margin-right:6px;padding:0 height=86 src=https://encrypted-tbn0.gstatic.com/images?q=tbn:ANd9GcQqvMl9gAUoG_kyTtK0YtBKSgxDg4ljYUX8tFx1KMfcxMp-1Irb8Nrncwo  align=left width=100 height=200>"
"88","Vendetta ","<img style=margin:3px 0;margin-right:6px;padding:0 height=85 src=https://encrypted-tbn0.gstatic.com/images?q=tbn:ANd9GcT4ra4EMUkrsPjKND9LNhwMegUafaine525lXxi1twBZ2EC-mV1TIzeSic  align=left width=100 height=200>"
"89","Ritorno al futuro ","<img style=margin:3px 0;margin-right:6px;padding:0 height=86 src=https://encrypted-tbn0.gstatic.com/images?q=tbn:ANd9GcRtRDyQ0QXI3bEepPeYhCeORb_8zI9_SNurmMi3vF8d41uj0XrfhTu3xd4  align=left width=100 height=200>"
"90","Aliens - Scontro finale ","<img style=margin:3px 0;margin-right:6px;padding:0 height=81 src=https://encrypted-tbn0.gstatic.com/images?q=tbn:ANd9GcTTZi2dvPSqOYIITMb3j9kMBtUAhoZPp8gRxuGXj6y_721lMHK5Ec4rjw  align=left width=100 height=200>"
"91","Full Metal Jacket ","<img style=margin:3px 0;margin-right:6px;padding:0 height=86 src=https://encrypted-tbn0.gstatic.com/images?q=tbn:ANd9GcSxWzkV6YSVS6D4rfhLM8iK_HYg1YVIOKu-QOkhAT5KUzyueFBI3qQVrw  align=left width=100 height=200>"
"92","Die Hard - Trappola di cristallo ","<img style=margin:3px 0;margin-right:6px;padding:0 height=89 src=https://encrypted-tbn0.gstatic.com/images?q=tbn:ANd9GcTww6nJfwbLb0-PN6H8NM3Kar4Hppy_eedSUzd-97xHanMOsDqe5bXy-w  align=left width=100 height=200>"
"93","Indiana Jones e l'ultima crociata ","<img style=margin:3px 0;margin-right:6px;padding:0 height=81 src=https://encrypted-tbn0.gstatic.com/images?q=tbn:ANd9GcQaZbYf5R-_cLOXpJ8nZtbq0iiItrQ8uK2QmkKX6nYumWqPohh-Aw_iGA  align=left width=100 height=200>"
"94","Quei bravi ragazzi ","<img style=margin:3px 0;margin-right:6px;padding:0 height=90 src=https://encrypted-tbn0.gstatic.com/images?q=tbn:ANd9GcTUab7lukQFTdp-lryl1jAng6Eu69kr--eOMnfPwfE0ag857DKp_wNXYg  align=left width=100 height=200>"
"95","Il silenzio degli innocenti ","<img style=margin:3px 0;margin-right:6px;padding:0 height=90 src=https://encrypted-tbn0.gstatic.com/images?q=tbn:ANd9GcQaaLwTi5vjvNVKfBvliyMkfTQOP23-pVr2o0Rm-nG3pCr0MAEvqW_7Ks4  align=left width=100 height=200>"
"96","Le Iene - Cani da rapina ","<img style=margin:3px 0;margin-right:6px;padding:0 height=90 src=https://encrypted-tbn0.gstatic.com/images?q=tbn:ANd9GcTrUtCTDSyPfClng7-m6DSQ2yZdmvLWYfjxoPGcUs-MIdlQ8QmCcWbeQ5w  align=left width=100 height=200>"
"97","Schindler's List - La lista di Schindler ","<img style=margin:3px 0;margin-right:6px;padding:0 height=86 src=https://encrypted-tbn0.gstatic.com/images?q=tbn:ANd9GcTdzE099Xyp_wLn8EbpNKrA5ENGNl8rDF8N-FnqlQKJc2KeOLHWwdV_61k  align=left width=100 height=200>"
"98","Pulp Fiction ","<img style=margin:3px 0;margin-right:6px;padding:0 height=90 src=https://encrypted-tbn0.gstatic.com/images?q=tbn:ANd9GcRvAu-aXdFkYarnxH_mtJOmdAPwzNSjPG70C7Kfqy3O8ryqZ-TCrtVl8Q  align=left width=100 height=200>"
"99","Seven ","<img style=margin:3px 0;margin-right:6px;padding:0 height=86 src=https://encrypted-tbn0.gstatic.com/images?q=tbn:ANd9GcTB4w708SxEJa-TqMykCk087s7jY8Yf5FSLhaeqRFjuzwmOC3FiTyXYnw  align=left width=100 height=200>"
"100","Trainspotting ","<img style=margin:3px 0;margin-right:6px;padding:0 height=80 src=https://encrypted-tbn0.gstatic.com/images?q=tbn:ANd9GcTmCZRAaxWfc9uijBr3fJS8j1uhTmim30BIo6PXjgGqj_Ebba44g1NASA  align=left width=100 height=200>"
"101","La vita è bella ","<img style=margin:3px 0;margin-right:6px;padding:0 height=90 src=https://encrypted-tbn0.gstatic.com/images?q=tbn:ANd9GcQVh3IqRS8A-nkIMfwpNfeyPpSQekZFY6e_knuGfDhdLrdpvdFk3wZ0QQ  align=left width=100 height=200>"
"102","Salvate il soldato Ryan ","<img style=margin:3px 0;margin-right:6px;padding:0 height=85 src=https://encrypted-tbn0.gstatic.com/images?q=tbn:ANd9GcS61WYxhgRuA58yec66VhsMhx1t6BVoeZORiuR-XUZSNvui-DSthIlvuVE  align=left width=100 height=200>"
"103","Fight Club ","<img style=margin:3px 0;margin-right:6px;padding:0 height=90 src=https://encrypted-tbn0.gstatic.com/images?q=tbn:ANd9GcQF8NGbHmM1r-cwPQ24MsNCoVOlOXtT7LTBRE_TLJ-QFmPsuYl0U4P5lA  align=left width=100 height=200>"
"104","Il Gladiatore ","<img style=margin:3px 0;margin-right:6px;padding:0 height=90 src=https://encrypted-tbn0.gstatic.com/images?q=tbn:ANd9GcRheS8IifpzCMG7oWASdyGEIWNqKpXWDogDcNqCt3PY8P9o6JONwK9etq0  align=left width=100 height=200>"
"105","Il Signore degli Anelli: La Compagnia dell'Anello ","<img style=margin:3px 0;margin-right:6px;padding:0 height=79 src=https://encrypted-tbn0.gstatic.com/images?q=tbn:ANd9GcQ2IBWvk1ciVEstgbcWyKY_vJ6ag6YBtPcSwwNo74vXTsdtMjcWtlPlpw  align=left width=100 height=200>"
"106","Il Signore degli anelli - Le due torri ","<img style=margin:3px 0;margin-right:6px;padding:0 height=89 src=https://encrypted-tbn0.gstatic.com/images?q=tbn:ANd9GcQ6BwWDiKxOIWenJlgbgbXHBIupEN6kaYfxO-LbdOeONricjTV8GmGeCA  align=left width=100 height=200>"
"107","Il Signore degli Anelli - Il ritorno del re ","<img style=margin:3px 0;margin-right:6px;padding:0 height=90 src=https://encrypted-tbn0.gstatic.com/images?q=tbn:ANd9GcQORIO3zHIs-AhP9Gice9mct1LTf4aIIEPulM36RHHLnLOTk2A5uSSB9w  align=left width=100 height=200>"
"108","Se mi lasci ti cancello ","<img style=margin:3px 0;margin-right:6px;padding:0 height=86 src=https://encrypted-tbn0.gstatic.com/images?q=tbn:ANd9GcSRop0xuEvbxIyBCTfwCbFftJcwVVzweRkdltAhtDvCxLPGD0vYt7_uLfo  align=left width=100 height=200>"
"109","Batman Begins ","<img style=margin:3px 0;margin-right:6px;padding:0 height=85 src=https://encrypted-tbn0.gstatic.com/images?q=tbn:ANd9GcSPdo6PAoVTTWQFpaTk2A8NZk-KEp4dmyQ2Hnog8hcpCWrGg2HVts4qyg  align=left width=100 height=200>"
"110","The Departed - Il bene e il male ","<img style=margin:3px 0;margin-right:6px;padding:0 height=86 src=https://encrypted-tbn0.gstatic.com/images?q=tbn:ANd9GcR741JfjKn-2gX6atdH7Igb8SXPVFWk88t5enTS2ZpRwVDJ0mRCrQOu3VQ  align=left width=100 height=200>"
"111","Non è un paese per vecchi ","<img style=margin:3px 0;margin-right:6px;padding:0 height=84 src=https://encrypted-tbn0.gstatic.com/images?q=tbn:ANd9GcQpztv0QFgOcVEwmsjxhVtzBlGh5QxiM7QzMYrhiHFwMziQ4r3tmaM2vA  align=left width=100 height=200>"
"112","Il cavaliere oscuro ","<img style=margin:3px 0;margin-right:6px;padding:0 height=86 src=https://encrypted-tbn0.gstatic.com/images?q=tbn:ANd9GcRwju4Nq8_4K6sEsWfsB3bWLHY0gtJ3V15Xbxq99OA2GaVBaVtY_y28mg  align=left width=100 height=200>"
"113","Bastardi senza gloria ","<img style=margin:3px 0;margin-right:6px;padding:0 height=78 src=https://encrypted-tbn0.gstatic.com/images?q=tbn:ANd9GcTDw0d5MSOmpJuPXbLM4Mmr1fMlJo8bNgo6-JsciBrlpdopYFK43Tk3JeU  align=left width=100 height=200>"
"114","Toy Story 3 - La grande fuga ","<img style=margin:3px 0;margin-right:6px;padding:0 height=86 src=https://encrypted-tbn0.gstatic.com/images?q=tbn:ANd9GcRXQNpGQnLE5oh_Q3YL7mk3VFU8rzwqXM4PZI09mQ2iZ5qDmEQklZDqJw  align=left width=100 height=200>"
"115","Il Re Leone 3D ","<img style=margin:3px 0;margin-right:6px;padding:0 height=90 src=https://encrypted-tbn0.gstatic.com/images?q=tbn:ANd9GcQs97lP053TdNNicBNX4UGERf_ANR8eErD2KX0zplKSkjt_j4u54D3K-g  align=left width=100 height=200>"
"116","Il Cavaliere Oscuro - Il Ritorno ","<img style=margin:3px 0;margin-right:6px;padding:0 height=86 src=https://encrypted-tbn0.gstatic.com/images?q=tbn:ANd9GcTYcbgzZXUA7xDDswfbsvpIKgAA9GJmxKxmjw0mwHI2XsY-Sog6nIV_ANE  align=left width=100 height=200>"
"117","Django Unchained ","<img style=margin:3px 0;margin-right:6px;padding:0 height=90 src=https://encrypted-tbn0.gstatic.com/images?q=tbn:ANd9GcTO5RPXQ628Kkfo4EDxQ6X5Od9Zh9s5Ycu29oqhH5P9DSsdYpYeMpHMjw  align=left width=100 height=200>"
"118","Guardiani della Galassia ","<img style=margin:3px 0;margin-right:6px;padding:0 height=85 src=https://encrypted-tbn0.gstatic.com/images?q=tbn:ANd9GcTJoO64M9Hir3oHTEz52HY3cRhlIS7HV3dV_V7HBJPYbclqS2GPnN5utFs  align=left width=100 height=200>"
"119","Star Wars Episodio VII: il risveglio della Forza ","<img style=margin:3px 0;margin-right:6px;padding:0 height=86 src=https://encrypted-tbn0.gstatic.com/images?q=tbn:ANd9GcTDUfQ5jL2GaXq1j8yudITTL2ZJpaDLHjyM0NPvnJ42bkFyVwgVf4pdWg  align=left width=100 height=200>"
"120","Deadpool ","<img style=margin:3px 0;margin-right:6px;padding:0 height=84 src=https://encrypted-tbn0.gstatic.com/images?q=tbn:ANd9GcR7UDIX7sbeDaI4VC-ZH74YREKHYz-xk-Cdo5LCkr38jntSH00hSALmRy0  align=left width=100 height=200>"
"121","Logan ","<img style=margin:3px 0;margin-right:6px;padding:0 height=87 src=https://encrypted-tbn0.gstatic.com/images?q=tbn:ANd9GcSGthXHmbjOvIKACJXw-dZfF7WbTxEftILow8pn0zJFOFwwwJUcZCqiVe8  align=left width=100 height=200>"
"122","Avengers: Infinity War ","<img style=margin:3px 0;margin-right:6px;padding:0 height=83 src=https://encrypted-tbn0.gstatic.com/images?q=tbn:ANd9GcTq4zpYmj4T_YXsGnK766m0-T6Id8OIuTMFHb7EBmdncP2D3hbGMDsukGM  align=left width=100 height=200>"
"123","Un uomo tranquillo ","<img style=margin:3px 0;margin-right:6px;padding:0 height=77 src=https://encrypted-tbn0.gstatic.com/images?q=tbn:ANd9GcSzClqfG6feFcmkf4Rc3SE8_1c3DDCGj_q3mg2aivjZXUhbT3S4j_cJSw  align=left width=100 height=200>"
"124","Trolls 2 ","<img style=margin:3px 0;margin-right:6px;padding:0 height=81 src=https://encrypted-tbn0.gstatic.com/images?q=tbn:ANd9GcSOC8VDBlhOSSIRAWNSBd7-jySdNhpnPz0LNhgQSzFm3YsJGitSi4SNF-M  align=left width=100 height=200>"
"125","L'arrivo di un treno nella stazione di La Ciotat ","<img style=margin:3px 0;margin-right:6px;padding:0 height=57 src=https://encrypted-tbn0.gstatic.com/images?q=tbn:ANd9GcTMEiiQMowACWdZT4RD3COmSpC_dbl36U48DxpE3gt2s5oZOPQYXAGTnBY  align=left width=100 height=200>"
"126","LE MANOIR DU DIABLE ","<img style=margin:3px 0;margin-right:6px;padding:0 height=81 src=https://encrypted-tbn0.gstatic.com/images?q=tbn:ANd9GcTTMKyhBHl3ujSqL1-41KQQrd2HQZWP6X6ZS4PTcxtbP9pVZZ2QpbBNJQ  align=left width=100 height=200>"
"127","PASSION PLAY ","<img style=margin:3px 0;margin-right:6px;padding:0 height=90 src=https://encrypted-tbn0.gstatic.com/images?q=tbn:ANd9GcTHSs2Rb8eYri-b6h1RgmLWyVa3e6vjb-CAvPNxzYIao8FSM590j6nf5vk  align=left width=100 height=200>"
"128","TEMPO DI MOSTRI ","<img style=margin:3px 0;margin-right:6px;padding:0 height=87 src=https://encrypted-tbn0.gstatic.com/images?q=tbn:ANd9GcSQlWVgl_5F5SG6ablElAPaLgjxyOtHI4MGoSoSZupFhj29irw2HKefXY8  align=left width=100 height=200>"
"129","PASSION DU CHRIST ","<img style=margin:3px 0;margin-right:6px;padding:0 height=86 src=https://encrypted-tbn0.gstatic.com/images?q=tbn:ANd9GcSqA9wjzU4EV3GhZHvL3Z5NsPIZn2AT9r2J40SoWZjquoU3sbvD_YoJBYI  align=left width=100 height=200>"
"130","Passione di Gesù ","<img style=margin:3px 0;margin-right:6px;padding:0 height=84 src=https://encrypted-tbn0.gstatic.com/images?q=tbn:ANd9GcQ2rg7sO1_Vcuw81w59KVEAPvZLKyMTB0uGcX883Ob3w0P2SMr6pFl3_Pw  align=left width=100 height=200>"
"131","VIAGGIO NELLA LUNA ","<img style=margin:3px 0;margin-right:6px;padding:0 height=90 src=https://encrypted-tbn0.gstatic.com/images?q=tbn:ANd9GcTJFW8O02UomHMWeo5wkNSG1fKG4Csupnw3IZM4cuIXljnquGOJKeZDtE4  align=left width=100 height=200>"
"132","Assalto al treno ","<img style=margin:3px 0;margin-right:6px;padding:0 height=90 src=https://encrypted-tbn0.gstatic.com/images?q=tbn:ANd9GcTYBN0FHR7UIut5J8gXY0NDq21GyCwfccbsLdkRosmEUJWLqnwTqF0B7g  align=left width=100 height=200>"
"133","THE PASSION OF CHRIST ","<img style=margin:3px 0;margin-right:6px;padding:0 height=73 src=https://encrypted-tbn0.gstatic.com/images?q=tbn:ANd9GcSsZf0GOJlPC8ugv56KK-2qIfyEtRQEcOJ6Ao8tBM3NmKxQRZov63AULSk  align=left width=100 height=200>"
"134","Berlin Calling ","<img style=margin:3px 0;margin-right:6px;padding:0 height=85 src=https://encrypted-tbn0.gstatic.com/images?q=tbn:ANd9GcQV-P0IziFuXS8jYbbA1NbA6JM8bXDXG502-K_ZRCIi1Fo4GmBzLNf5iVY  align=left width=100 height=200>"
"135","Ben Hur ","<img style=margin:3px 0;margin-right:6px;padding:0 height=84 src=https://encrypted-tbn0.gstatic.com/images?q=tbn:ANd9GcQ1Lq1iaA477UVoZ-cw1x4vrGawoXw0laiulfQFrGYO-CpCuN0sqOIPZFA  align=left width=100 height=200>"
"136","Gli ultimi giorni di Pompei ","<img style=margin:3px 0;margin-right:6px;padding:0 height=79 src=https://encrypted-tbn0.gstatic.com/images?q=tbn:ANd9GcTuQYnAeEFXtbFWgLcJ5D1TdsXGCiV-0ckYGImmlxEi6KCXsFMK4P_r1A  align=left width=100 height=200>"
"137","IL BACIO DI GIUDA ","<img style=margin:3px 0;margin-right:6px;padding:0 height=73 src=https://encrypted-tbn0.gstatic.com/images?q=tbn:ANd9GcTfqry0x4JBuJy4JR2ONQ4ggvavQwD-YU4MHHC7KpJVp-AXMmnb3TuADQ  align=left width=100 height=200>"
"138","La Natività ","<img style=margin:3px 0;margin-right:6px;padding:0 height=83 src=https://encrypted-tbn0.gstatic.com/images?q=tbn:ANd9GcQvJy_-7ao7EpoAiu8cNDWfS8aSNq43SFm7HZrWCrcphPTONBT_TP9PvKg  align=left width=100 height=200>"
"139","L'INFERNO ","<img style=margin:3px 0;margin-right:6px;padding:0 height=87 src=https://encrypted-tbn0.gstatic.com/images?q=tbn:ANd9GcSbBmi1fRGEp2CyB3dbP1I_EbcyzcL8ebLBtgF5K-QhmOrQZ3V3e-6fLzw  align=left width=100 height=200>"
"140","LES AMOURS DE LA REINE ELISABETH ","<img style=margin:3px 0;margin-right:6px;padding:0 height=76 src=https://encrypted-tbn0.gstatic.com/images?q=tbn:ANd9GcRm6eNBR0BF9T3Cto9OM9_UUFryyAe5smKrU8p3Oe_tsoWtphYs4oOHng  align=left width=100 height=200>"
"141","FRANCOBOLLO RARO ","<img style=margin:3px 0;margin-right:6px;padding:0 height=63 src=https://encrypted-tbn0.gstatic.com/images?q=tbn:ANd9GcQ7LKYlt-rzn4eBT4SqAHq3QPKTFLucj8crN1RXkYCt64X1BpZ--klfjQ  align=left width=100 height=200>"
"142","Cabiria ","<img style=margin:3px 0;margin-right:6px;padding:0 height=88 src=https://encrypted-tbn0.gstatic.com/images?q=tbn:ANd9GcR9CvAvC_MqqA6DtifiADqTALoix3RfDtlVpQobnWdKzZTwkxxJlHul4Q  align=left width=100 height=200>"
"143","Nascita di una Nazione ","<img style=margin:3px 0;margin-right:6px;padding:0 height=90 src=https://encrypted-tbn0.gstatic.com/images?q=tbn:ANd9GcQoALjEKYcB8dLP4qUrWEJ9Y4EC9bJ71KJf655G3RLVNwyjevmLPDJ0rKs  align=left width=100 height=200>"
"144","IL LATITANTE ","<img style=margin:3px 0;margin-right:6px;padding:0 height=90 src=https://encrypted-tbn0.gstatic.com/images?q=tbn:ANd9GcQchpzfyvuBbxReDc5c1GZZdtqc3wcyx2RluDNdpRwSS6WAR9xF9bDe01s  align=left width=100 height=200>"
"145","LA STORIA DI UNA CAPINERA ","<img style=margin:3px 0;margin-right:6px;padding:0 height=78 src=https://encrypted-tbn0.gstatic.com/images?q=tbn:ANd9GcS6qFUX08uqVgupy-j9NLTuBeJ1KsYJL4mOKeyp9QPca3FjXyA0-__7JRI  align=left width=100 height=200>"
"146","Charlot soldato ","<img style=margin:3px 0;margin-right:6px;padding:0 height=86 src=https://encrypted-tbn0.gstatic.com/images?q=tbn:ANd9GcT2QETGiJsCIsHuwXB5OUYYEC1SIEfh5z39918De-4nNVSKsaDBGLeWXms  align=left width=100 height=200>"
"147","Il gabinetto del dottor Caligari ","<img style=margin:3px 0;margin-right:6px;padding:0 height=84 src=https://encrypted-tbn0.gstatic.com/images?q=tbn:ANd9GcSenR_x2IQ16xD0HkqpfxpoMpe-RpFaeXS0nq-GvyqRVrh1iIemEQma3Z0  align=left width=100 height=200>"
"148","IL DOTTOR JEKYLL E MISTER HYDE ","<img style=margin:3px 0;margin-right:6px;padding:0 height=85 src=https://encrypted-tbn0.gstatic.com/images?q=tbn:ANd9GcSt_qzU9lMjM8sk-LtTIOE0kdFC8VLpVC4gJtMdE3bzJpBBDS47RDi5WQ  align=left width=100 height=200>"
"149","Il monello ","<img style=margin:3px 0;margin-right:6px;padding:0 height=86 src=https://encrypted-tbn0.gstatic.com/images?q=tbn:ANd9GcSxWzkV6YSVS6D4rfhLM8iK_HYg1YVIOKu-QOkhAT5KUzyueFBI3qQVrw  align=left width=100 height=200>"
"150","Nosferatu il vampiro ","<img style=margin:3px 0;margin-right:6px;padding:0 height=89 src=https://encrypted-tbn0.gstatic.com/images?q=tbn:ANd9GcTww6nJfwbLb0-PN6H8NM3Kar4Hppy_eedSUzd-97xHanMOsDqe5bXy-w  align=left width=100 height=200>"
"151","IL GRIDO DELL'AQUILA ","<img style=margin:3px 0;margin-right:6px;padding:0 height=34 src=https://encrypted-tbn0.gstatic.com/images?q=tbn:ANd9GcQSV3s_G2AAtTXBno1Ry93j4xmB1JzXWalTJK6slXO4EMNmLPs5PjMdDQ  align=left width=100 height=200>"
"152","LA PALLA NUMERO 13 ","<img style=margin:3px 0;margin-right:6px;padding:0 height=85 src=https://encrypted-tbn0.gstatic.com/images?q=tbn:ANd9GcRSlJnXgLzAjj2Ll8U9mi36p4LhugyQilndZVsvAXCX0KU1vIHZqLAYwys  align=left width=100 height=200>"
"153","La febbre dell'oro ","<img style=margin:3px 0;margin-right:6px;padding:0 height=85 src=https://encrypted-tbn0.gstatic.com/images?q=tbn:ANd9GcRBVzkyYS4KysVmg2CoJoQTR5FaZsxteeGNpCpspc-r3Uua_GvEF3uSZQ  align=left width=100 height=200>"
"154","La corazzata Potemkin ","<img style=margin:3px 0;margin-right:6px;padding:0 height=80 src=https://encrypted-tbn0.gstatic.com/images?q=tbn:ANd9GcQxqOo8Cs6xhr_xkJxrtq5Wdif6WC0B2fQ34w7F8SDHIe7y0QdSdL9Cz40  align=left width=100 height=200>"
"155","Metropolis ","<img style=margin:3px 0;margin-right:6px;padding:0 height=86 src=https://encrypted-tbn0.gstatic.com/images?q=tbn:ANd9GcTdzE099Xyp_wLn8EbpNKrA5ENGNl8rDF8N-FnqlQKJc2KeOLHWwdV_61k  align=left width=100 height=200>"
"156","Il circo ","<img style=margin:3px 0;margin-right:6px;padding:0 height=90 src=https://encrypted-tbn0.gstatic.com/images?q=tbn:ANd9GcRpbPFZqJWkTLjBHcZQkMGyB_bkusRnpjNm3HFqk7Pjl7_MgyM6VuldhA  align=left width=100 height=200>"
"157","Un cane andaluso ","<img style=margin:3px 0;margin-right:6px;padding:0 height=86 src=https://encrypted-tbn0.gstatic.com/images?q=tbn:ANd9GcTB4w708SxEJa-TqMykCk087s7jY8Yf5FSLhaeqRFjuzwmOC3FiTyXYnw  align=left width=100 height=200>"
"158","L'angelo azzurro ","<img style=margin:3px 0;margin-right:6px;padding:0 height=79 src=https://encrypted-tbn0.gstatic.com/images?q=tbn:ANd9GcR4fBvL4TLTfN0znhamuFEO2lb-Hz7CR3VDvwtsDv-nqBO_PxNG2oXqrW4  align=left width=100 height=200>"
"159","M, Il mostro di Düsseldorf ","<img style=margin:3px 0;margin-right:6px;padding:0 height=90 src=https://encrypted-tbn0.gstatic.com/images?q=tbn:ANd9GcQVh3IqRS8A-nkIMfwpNfeyPpSQekZFY6e_knuGfDhdLrdpvdFk3wZ0QQ  align=left width=100 height=200>"
"160","Scarface - Lo sfregiato ","<img style=margin:3px 0;margin-right:6px;padding:0 height=88 src=https://encrypted-tbn0.gstatic.com/images?q=tbn:ANd9GcQ-klXVi8bu3X_IqiXsUNa1T5DeNcnb6aSNxXvUaZtDiklCdfs4aqzNdLU  align=left width=100 height=200>"
"161","I FIGLI DEL DESERTO ","<img style=margin:3px 0;margin-right:6px;padding:0 height=90 src=https://encrypted-tbn0.gstatic.com/images?q=tbn:ANd9GcRJw794SezGMjnWrXy1_r6orDLRTZD5SC-a3oiQS8oSPePo_WWJMb1uhg  align=left width=100 height=200>"
"162","Accadde una notte ","<img style=margin:3px 0;margin-right:6px;padding:0 height=90 src=https://encrypted-tbn0.gstatic.com/images?q=tbn:ANd9GcRheS8IifpzCMG7oWASdyGEIWNqKpXWDogDcNqCt3PY8P9o6JONwK9etq0  align=left width=100 height=200>"
"163","LA PORTATRICE DI PANE ","<img style=margin:3px 0;margin-right:6px;padding:0 height=89 src=https://encrypted-tbn0.gstatic.com/images?q=tbn:ANd9GcTnexDvUFNHsqZZTgud0ndljsbPpVJIn6erurRPl5xfqeM14KL26Bj_Ll0  align=left width=100 height=200>"
"164","Tempi moderni ","<img style=margin:3px 0;margin-right:6px;padding:0 height=89 src=https://encrypted-tbn0.gstatic.com/images?q=tbn:ANd9GcQ6BwWDiKxOIWenJlgbgbXHBIupEN6kaYfxO-LbdOeONricjTV8GmGeCA  align=left width=100 height=200>"
"165","Biancaneve e i sette nani ","<img style=margin:3px 0;margin-right:6px;padding:0 height=89 src=https://encrypted-tbn0.gstatic.com/images?q=tbn:ANd9GcT-Pwwr4hschub0j1WhZjf_0y90a06BkThSF8tEwFMWVb2AkccF7DAAqOk  align=left width=100 height=200>"
"166","LE AVVENTURE DI TOM SAWYER ","<img style=margin:3px 0;margin-right:6px;padding:0 height=90 src=https://encrypted-tbn0.gstatic.com/images?q=tbn:ANd9GcQTF_uggrJYtBMXLTgufQu2TRDVG9LOO87xJ8miBwmn1jj45wxD4kFwUcE  align=left width=100 height=200>"
"167","Il mago di Oz ","<img style=margin:3px 0;margin-right:6px;padding:0 height=90 src=https://encrypted-tbn0.gstatic.com/images?q=tbn:ANd9GcQFI3Ob5a8uMps8lfFa7NjgmJkFxg2Cb0UYKbRRmftTTkKM9CMEZV_PJg  align=left width=100 height=200>"
"168","Il grande dittatore ","<img style=margin:3px 0;margin-right:6px;padding:0 height=86 src=https://encrypted-tbn0.gstatic.com/images?q=tbn:ANd9GcR741JfjKn-2gX6atdH7Igb8SXPVFWk88t5enTS2ZpRwVDJ0mRCrQOu3VQ  align=left width=100 height=200>"
"169","Quarto potere ","<img style=margin:3px 0;margin-right:6px;padding:0 height=84 src=https://encrypted-tbn0.gstatic.com/images?q=tbn:ANd9GcQpztv0QFgOcVEwmsjxhVtzBlGh5QxiM7QzMYrhiHFwMziQ4r3tmaM2vA  align=left width=100 height=200>"
"170","To be or not to be - versione restaurata ","<img style=margin:3px 0;margin-right:6px;padding:0 height=86 src=https://encrypted-tbn0.gstatic.com/images?q=tbn:ANd9GcSJkAHrhLo6STapxB1B36JL05GRPzlyDnezQ__js89LOS-M_6SHPkueCyU  align=left width=100 height=200>"
"171","Bernadette ","<img style=margin:3px 0;margin-right:6px;padding:0 height=84 src=https://encrypted-tbn0.gstatic.com/images?q=tbn:ANd9GcRYrQv68ngJU8ofM1_aBxOLXf8RsseBATleUgCIhKX8MxQSsAzTeUaeqw  align=left width=100 height=200>"
"172","Arsenico e vecchi merletti ","<img style=margin:3px 0;margin-right:6px;padding:0 height=79 src=https://encrypted-tbn0.gstatic.com/images?q=tbn:ANd9GcRHnp1ppI1e9xss3pj2ncI7-M6R08NWtGjHHRdf6wFRnyOkboy5U0p37A  align=left width=100 height=200>"
"173","Roma città aperta ","<img style=margin:3px 0;margin-right:6px;padding:0 height=78 src=https://encrypted-tbn0.gstatic.com/images?q=tbn:ANd9GcTG_aD7jbG129fXbfydNy-g1y2jDbi3V6jFCdyAM6P9Qv64U6MxCL4BI94  align=left width=100 height=200>"
"174","Sciuscià ","<img style=margin:3px 0;margin-right:6px;padding:0 height=83 src=https://encrypted-tbn0.gstatic.com/images?q=tbn:ANd9GcRzlXGhXfle_Pn6DMhxHpUYUwycgLXoKn4gbJMia9OuYB81xy_n8kWZjg  align=left width=100 height=200>"
"175","La vita è meravigliosa ","<img style=margin:3px 0;margin-right:6px;padding:0 height=90 src=https://encrypted-tbn0.gstatic.com/images?q=tbn:ANd9GcTO5RPXQ628Kkfo4EDxQ6X5Od9Zh9s5Ycu29oqhH5P9DSsdYpYeMpHMjw  align=left width=100 height=200>"
"176","Ladri di biciclette ","<img style=margin:3px 0;margin-right:6px;padding:0 height=85 src=https://encrypted-tbn0.gstatic.com/images?q=tbn:ANd9GcTJoO64M9Hir3oHTEz52HY3cRhlIS7HV3dV_V7HBJPYbclqS2GPnN5utFs  align=left width=100 height=200>"
"177","IL GIARDINO SEGRETO ","<img style=margin:3px 0;margin-right:6px;padding:0 height=87 src=https://encrypted-tbn0.gstatic.com/images?q=tbn:ANd9GcT4j4QbxZ1yfXt2JPQMMZVf3Y9J6Q7GbnmQI6Yce_U3RM3bTmS2DcdCEw  align=left width=100 height=200>"
"178","Cenerentola ","<img style=margin:3px 0;margin-right:6px;padding:0 height=84 src=https://encrypted-tbn0.gstatic.com/images?q=tbn:ANd9GcQaFuv8LBiMaepeCVCbMN61nlbIM4GjlEBA6ZIUbSsFLyGyiZlo12D1qA  align=left width=100 height=200>"
"179","Guardie e ladri ","<img style=margin:3px 0;margin-right:6px;padding:0 height=90 src=https://encrypted-tbn0.gstatic.com/images?q=tbn:ANd9GcSVzr_BSU4lxYUZirzLZeaqRf1Ud7zPhZfxkb-fAf3ul6zdQ_cuBz6cjA  align=left width=100 height=200>"
"180","Umberto D. ","<img style=margin:3px 0;margin-right:6px;padding:0 height=90 src=https://encrypted-tbn0.gstatic.com/images?q=tbn:ANd9GcRn37s6rmkYwAyhsvRJ-6ll6Ah-g1ibkQuqR1kJbYiedqxDDpeFpb64DA  align=left width=100 height=200>"
"181","Le avventure di Peter Pan ","<img style=margin:3px 0;margin-right:6px;padding:0 height=90 src=https://encrypted-tbn0.gstatic.com/images?q=tbn:ANd9GcQwPAQT-UWpR44GGR7lJJkqUNyqDtKZHUcP2KurWxTHoMlXmX2cxFPsUA  align=left width=100 height=200>"
"182","MARCELLINO PANE E VINO ","<img style=margin:3px 0;margin-right:6px;padding:0 height=85 src=https://encrypted-tbn0.gstatic.com/images?q=tbn:ANd9GcQXMKGvBGHiHLEw47lAdqhGHAlHIJqK7YRtjYdsd4xFm8kZo-Mf5mWDJsA  align=left width=100 height=200>"
"183","L'amore è una cosa meravigliosa ","<img style=margin:3px 0;margin-right:6px;padding:0 height=65 src=https://encrypted-tbn0.gstatic.com/images?q=tbn:ANd9GcQQUQ_t4TDXsrDVgJ_9akNSEJA377_iwV78SsQ-1EPi2h5qgLw-UJmPhQ  align=left width=100 height=200>"
"184","I dieci comandamenti ","<img style=margin:3px 0;margin-right:6px;padding:0 height=83 src=https://encrypted-tbn0.gstatic.com/images?q=tbn:ANd9GcSBofne3oiNKwoQr8uFcveOMWMeUwT96LQhHk8dewyhlJyBP24J7Dgu1g  align=left width=100 height=200>"
"185","Orizzonti di gloria ","<img style=margin:3px 0;margin-right:6px;padding:0 height=66 src=https://encrypted-tbn0.gstatic.com/images?q=tbn:ANd9GcRxcHfIqsaK1SYpdL5OE4gy7Z5q1NaWu_p8WhUBmr4CSd_DkhSBK6Js3cg  align=left width=100 height=200>"
"186","I soliti ignoti ","<img style=margin:3px 0;margin-right:6px;padding:0 height=84 src=https://encrypted-tbn0.gstatic.com/images?q=tbn:ANd9GcS4cBTLswTzdXWx9cKGfbrkwUvlEFeme4qlWk0UVXMDSFrDN7VJoL7ZBf4  align=left width=100 height=200>"
"187","La grande guerra ","<img style=margin:3px 0;margin-right:6px;padding:0 height=90 src=https://encrypted-tbn0.gstatic.com/images?q=tbn:ANd9GcQHaN8YdMSErzXBnKbiXDyA1VKjZ4cBkuPehrHfeAs5y1TfvmcWJiQXizU  align=left width=100 height=200>"
"188","Tutti a casa ","<img style=margin:3px 0;margin-right:6px;padding:0 height=87 src=https://encrypted-tbn0.gstatic.com/images?q=tbn:ANd9GcRjIYvdxzZ-9AHe2kurTSoRgXu8ABTGHaPS3cBE7fhuHGRyxl2r7pDLe4Y  align=left width=100 height=200>"
"189","Colazione da Tiffany ","<img style=margin:3px 0;margin-right:6px;padding:0 height=86 src=https://encrypted-tbn0.gstatic.com/images?q=tbn:ANd9GcSRWylHSxjK8ItlAPg6J2fWwlyyL85fm2CcSN1qS4lTuYBE1BHnNCSfyA  align=left width=100 height=200>"
"190","Il buio oltre la siepe ","<img style=margin:3px 0;margin-right:6px;padding:0 height=61 src=https://encrypted-tbn0.gstatic.com/images?q=tbn:ANd9GcTQO0bKWBn1IDq7RC0RRz8xIg1xqx2BfLFWctrIDRlAJf7gxRRGeUNLqA  align=left width=100 height=200>"
"191","Il Gattopardo ","<img style=margin:3px 0;margin-right:6px;padding:0 height=85 src=https://encrypted-tbn0.gstatic.com/images?q=tbn:ANd9GcT0J3nU3h_JLM8ZgA134D5pxg_GYiL0u5ubgNrQ91mNmtHkuDa9r61__gg  align=left width=100 height=200>"
"192","Mary Poppins ","<img style=margin:3px 0;margin-right:6px;padding:0 height=70 src=https://encrypted-tbn0.gstatic.com/images?q=tbn:ANd9GcR1t3_S02nQldH7Ljd353XJZaHZC-GZLZzLgtIprSBUL5ew71P4-skRu0k  align=left width=100 height=200>"
"193","Tutti insieme appassionatamente ","<img style=margin:3px 0;margin-right:6px;padding:0 height=86 src=https://encrypted-tbn0.gstatic.com/images?q=tbn:ANd9GcRgteHio8KzIztzlyzAPxw5b4hnyOFCbBbLknfklAm71_jLylCF0Ro5VqI  align=left width=100 height=200>"
"194","L'armata Brancaleone ","<img style=margin:3px 0;margin-right:6px;padding:0 height=87 src=https://encrypted-tbn0.gstatic.com/images?q=tbn:ANd9GcSDXOtAr2yrSmPytrlS-ysTHY6qZbMbFXEU79QJLoAAoCvoghr6bE_PjA  align=left width=100 height=200>"
"195","LE AVVENTURE DI ULISSE ","<img style=margin:3px 0;margin-right:6px;padding:0 height=84 src=https://encrypted-tbn0.gstatic.com/images?q=tbn:ANd9GcTU2oXx38utTeUyEG7Ne0S4GgOqNN4U-zN8WOfsZoXmY1WCfdfXVoSi4nA  align=left width=100 height=200>"
"196","2001: Odissea nello spazio ","<img style=margin:3px 0;margin-right:6px;padding:0 height=85 src=https://encrypted-tbn0.gstatic.com/images?q=tbn:ANd9GcQRYpd3WQsyMEXAvpzJ5SKySd3orQse6RDNNvZyr-2_VUFWkO7uPFJ4Rw  align=left width=100 height=200>"
"197","L'Odissea ","<img style=margin:3px 0;margin-right:6px;padding:0 height=83 src=https://encrypted-tbn0.gstatic.com/images?q=tbn:ANd9GcRDeGftkXD46dZ4lpEjhQMpJwPU15ICiRQK8bA0ctWBkfJgak61-6Y5bXE  align=left width=100 height=200>"
"198","Gli Aristogatti ","<img style=margin:3px 0;margin-right:6px;padding:0 height=86 src=https://encrypted-tbn0.gstatic.com/images?q=tbn:ANd9GcQWNLmMch9jf28TY6tzMQQfxVTGyndGYP_mXDckOrVxey0lQif8unB4VQ  align=left width=100 height=200>"
"199","Arancia meccanica ","<img style=margin:3px 0;margin-right:6px;padding:0 height=86 src=https://encrypted-tbn0.gstatic.com/images?q=tbn:ANd9GcRiV_yPvQ_7hPnYMw65FedUsIk4IszaFexRhSdH6Og4FE3HaDMHSHFeMnU  align=left width=100 height=200>"
"200","Il Padrino ","<img style=margin:3px 0;margin-right:6px;padding:0 height=83 src=https://encrypted-tbn0.gstatic.com/images?q=tbn:ANd9GcS0D-V7k9tX-Xei6Y2IfHLOui7LzzPl3LaGyvkaLLLTDvpA__hbRjoJAw  align=left width=100 height=200>"
"201","L'esorcista ","<img style=margin:3px 0;margin-right:6px;padding:0 height=64 src=https://encrypted-tbn0.gstatic.com/images?q=tbn:ANd9GcTwExMydi6JZr3jlk5-FEaj79EtNUI3X_SLiTcMXa_gB4repCyunXXyuA  align=left width=100 height=200>"
"202","Il Padrino parte 2 ","<img style=margin:3px 0;margin-right:6px;padding:0 height=90 src=https://encrypted-tbn0.gstatic.com/images?q=tbn:ANd9GcRmlMHE_x_bL_CN0i_D2chzO1n0dqYO-OouuXEwV1pmZGNcStAmXvPGXbM  align=left width=100 height=200>"
"203","Qualcuno volò sul nido del cuculo ","<img style=margin:3px 0;margin-right:6px;padding:0 height=87 src=https://encrypted-tbn0.gstatic.com/images?q=tbn:ANd9GcRhE9t8pHcT5_vgRI4jsCFdCKgDMfrbByh0oz2LE2oZMVeS73tc5_30qHU  align=left width=100 height=200>"
"204","La poliziotta fa carriera ","<img style=margin:3px 0;margin-right:6px;padding:0 height=83 src=https://encrypted-tbn0.gstatic.com/images?q=tbn:ANd9GcTT5cdW1obvmHSKSLdxSfcyRlyBAfODhvgacQPqQFb4m4rfMsj_2rE0k5k  align=left width=100 height=200>"
"205","Guerre stellari ","<img style=margin:3px 0;margin-right:6px;padding:0 height=90 src=https://encrypted-tbn0.gstatic.com/images?q=tbn:ANd9GcTtpIUydcycY-eKPeHX_c6aDqSBGxluuuSJnZnO6WCKmyzjhw8tbu9g76Y  align=left width=100 height=200>"
"206","L'albero degli zoccoli ","<img style=margin:3px 0;margin-right:6px;padding:0 height=90 src=https://encrypted-tbn0.gstatic.com/images?q=tbn:ANd9GcSXxaVyBafLyalV5kyMO4fNWjpjVLbFMtcFRoVwMnH4XIWyy8Csw0_h-A  align=left width=100 height=200>"
"207","Alien ","<img style=margin:3px 0;margin-right:6px;padding:0 height=87 src=https://encrypted-tbn0.gstatic.com/images?q=tbn:ANd9GcTjsJeiZ_ZkSHWaOs72GKPrt-HPJ-Tdqt4j8HdopwJuJV62z0tF8HGaq60  align=left width=100 height=200>"
"208","Shining ","<img style=margin:3px 0;margin-right:6px;padding:0 height=87 src=https://encrypted-tbn0.gstatic.com/images?q=tbn:ANd9GcRtCgCq14KPiqY--VolEkIFgOoV7Dg7aNkfjfDN5MiPDhnkCX3f5fKEMA  align=left width=100 height=200>"
"209","Indiana Jones e i Predatori dell'Arca Perduta ","<img style=margin:3px 0;margin-right:6px;padding:0 height=86 src=https://encrypted-tbn0.gstatic.com/images?q=tbn:ANd9GcQN2V32veRfH16EhqEuWJyifbXfRu3vJ-6mdB8qNJLJWo9vvWFv4a4H6Q  align=left width=100 height=200>"
"210","Blade Runner ","<img style=margin:3px 0;margin-right:6px;padding:0 height=90 src=https://encrypted-tbn0.gstatic.com/images?q=tbn:ANd9GcTk-5q4-MIKsSa2SgJQS61wMaQPHnEAgUP39SbXPWMSg6P3Lu_MDhxu33s  align=left width=100 height=200>"
"211","Scarface ","<img style=margin:3px 0;margin-right:6px;padding:0 height=78 src=https://encrypted-tbn0.gstatic.com/images?q=tbn:ANd9GcREflDVO5XeSQ_xtrtfVRV1OHxZMIT-0ORZVV0Mnx8MXkytryBqI5H0Hw  align=left width=100 height=200>"
"212","C'era una volta in America ","<img style=margin:3px 0;margin-right:6px;padding:0 height=77 src=https://encrypted-tbn0.gstatic.com/images?q=tbn:ANd9GcS4DVu3cBQIkPkMJfaCssgxomfyiKsz0Sfy_TjFnc_ob7L2_GOYz-gQeA  align=left width=100 height=200>"
"213","Ritorno al futuro ","<img style=margin:3px 0;margin-right:6px;padding:0 height=90 src=https://encrypted-tbn0.gstatic.com/images?q=tbn:ANd9GcSCFDI-Tq1EkZhSk7AE2boqd1qIZ3N036d25ehgGJvsD66C9n0U0c_XDYg  align=left width=100 height=200>"
"214","Il castello nel cielo ","<img style=margin:3px 0;margin-right:6px;padding:0 height=90 src=https://encrypted-tbn0.gstatic.com/images?q=tbn:ANd9GcQAWYOKmn9Ip0qcyxx9YM4TlSrVgF2hPz6SSa6wAmPUya1zdBG2zpzdbQ  align=left width=100 height=200>"
"215","Arrivederci, ragazzi ","<img style=margin:3px 0;margin-right:6px;padding:0 height=66 src=https://encrypted-tbn0.gstatic.com/images?q=tbn:ANd9GcQDyZcZpXoVUrAoEiqZXJQsy5L5SkYWjyS5hv8oUDz_NIMNhcApbMw9H8Y  align=left width=100 height=200>"
"216","Nuovo cinema Paradiso ","<img style=margin:3px 0;margin-right:6px;padding:0 height=86 src=https://encrypted-tbn0.gstatic.com/images?q=tbn:ANd9GcR2Dy7NbWKaZYW0uSPyLzh_uEnSBVVTXMIYu1WgEgjqeMvDLxcJ-gr7AA  align=left width=100 height=200>"
"217","L'attimo fuggente ","<img style=margin:3px 0;margin-right:6px;padding:0 height=77 src=https://encrypted-tbn0.gstatic.com/images?q=tbn:ANd9GcR6WAbFU8ed3xLhWCavy3CfMCL9ARhne7gYdckrIDkwkS25ONFouz27dA  align=left width=100 height=200>"
"218","Edward mani di forbice ","<img style=margin:3px 0;margin-right:6px;padding:0 height=86 src=https://encrypted-tbn0.gstatic.com/images?q=tbn:ANd9GcQ25Yg3jXZPE2zUCI4NNzbhaldWahbTz0l5syj637oh5mg8zjzPeTHouQ  align=left width=100 height=200>"
"219","Così fan tutte ","<img style=margin:3px 0;margin-right:6px;padding:0 height=64 src=https://encrypted-tbn0.gstatic.com/images?q=tbn:ANd9GcTdVvJBu9csOcdxzZKROFn0SYFmz8yALhJZuOKdGMAwu5i4HvucsZWaTw  align=left width=100 height=200>"
"220","Porco Rosso ","<img style=margin:3px 0;margin-right:6px;padding:0 height=87 src=https://encrypted-tbn0.gstatic.com/images?q=tbn:ANd9GcS7oVs8qXLViuvCPuvg6054w2nuReu532POaojTb5b7-Qby-eJB1EQI4T4  align=left width=100 height=200>"
"221","Schindler's List - La lista di Schindler ","<img style=margin:3px 0;margin-right:6px;padding:0 height=90 src=https://encrypted-tbn0.gstatic.com/images?q=tbn:ANd9GcQgq_vp4MqFkPUWvz_lFQnMSLh5ySd3jTLYRxfiFPQ5VIPLuMe8_Bkmrpw  align=left width=100 height=200>"
"222","Forrest Gump ","<img style=margin:3px 0;margin-right:6px;padding:0 height=85 src=https://encrypted-tbn0.gstatic.com/images?q=tbn:ANd9GcSYVBrkQx4B3PEShn8RNjwPjRE_B5sJ-YCoiD3wbUrMbWrj-K7h_o3fhhY  align=left width=100 height=200>"
"223","Braveheart - Cuore impavido ","<img style=margin:3px 0;margin-right:6px;padding:0 height=83 src=https://encrypted-tbn0.gstatic.com/images?q=tbn:ANd9GcQ9ny_K6DBd7Atu-pyCN81rRTBRabmkRApBD1v2weNSjCn0bk9kDY1SFA  align=left width=100 height=200>"
"224","Trainspotting ","<img style=margin:3px 0;margin-right:6px;padding:0 height=84 src=https://encrypted-tbn0.gstatic.com/images?q=tbn:ANd9GcS12YUBjKBaHkuZeRYs6rkXIF82qHXDzhGZ_my2afwC9pDOT2aS_ktBHA  align=left width=100 height=200>"
"225","Titanic ","<img style=margin:3px 0;margin-right:6px;padding:0 height=86 src=https://encrypted-tbn0.gstatic.com/images?q=tbn:ANd9GcTvXPQ6aBjiYC508wbCYstUkIKfkIZhu9Sb_e0DcmHKtCpEDYb3WJfxoVA  align=left width=100 height=200>"
"226","Iqbal ","<img style=margin:3px 0;margin-right:6px;padding:0 height=85 src=https://encrypted-tbn0.gstatic.com/images?q=tbn:ANd9GcTpV4IEvzdxyHKfRmWcLPfnIhEo55EqhxujUIp00SM19GsZIKOdA1tGXw  align=left width=100 height=200>"
"227","Fight Club ","<img style=margin:3px 0;margin-right:6px;padding:0 height=89 src=https://encrypted-tbn0.gstatic.com/images?q=tbn:ANd9GcT7Z5sKpxMGNqF45njtGeksvVcaXb2aU90vtNgnHSi16c8-3mZWP8I7qHU  align=left width=100 height=200>"
"228","Il Gladiatore ","<img style=margin:3px 0;margin-right:6px;padding:0 height=45 src=https://encrypted-tbn0.gstatic.com/images?q=tbn:ANd9GcQnOG0XHDNG6cwq9svJix6J_r7Jl8l_WaS8nC2X9jr2O7yMBc2uqfQ00A  align=left width=100 height=200>"
"229","La città incantata ","<img style=margin:3px 0;margin-right:6px;padding:0 height=57 src=https://encrypted-tbn0.gstatic.com/images?q=tbn:ANd9GcQvzx_0LpEBtyMafYjTqnnW4cjySUVvQNijds9EZ9KFrTFKsWXqHrILjw  align=left width=100 height=200>"
"230","Il conte di Montecristo ","<img style=margin:3px 0;margin-right:6px;padding:0 height=86 src=https://encrypted-tbn0.gstatic.com/images?q=tbn:ANd9GcQ_6rS1dPNGMw_BlSAZMVx1mSyWtfUEa_i4z_0PizJA3XQYMuELQ2yOyA  align=left width=100 height=200>"
"231","Il Signore degli Anelli - Il ritorno del re ","<img style=margin:3px 0;margin-right:6px;padding:0 height=90 src=https://encrypted-tbn0.gstatic.com/images?q=tbn:ANd9GcSwYNoGu6C2EzR7NfiJJ6z9Rvp4lbv62WxCUQJBUeCh_FYGajvaDM6_IN4  align=left width=100 height=200>"
"232","Troy ","<img style=margin:3px 0;margin-right:6px;padding:0 height=90 src=https://encrypted-tbn0.gstatic.com/images?q=tbn:ANd9GcSg2fa0TCUOS4Lo0boXeWDFKH2YhGuV5r86FQKAAcUkLjMoDf2kI8byFL8  align=left width=100 height=200>"
"233","Harry Potter e il calice di fuoco ","<img style=margin:3px 0;margin-right:6px;padding:0 height=82 src=https://encrypted-tbn0.gstatic.com/images?q=tbn:ANd9GcQtuE-AIJCO00_pOqfbal3Sja2yiivHmp-6MQavRLLwA39DZ1SNKMdsJA  align=left width=100 height=200>"
"234","The Departed - Il bene e il male ","<img style=margin:3px 0;margin-right:6px;padding:0 height=76 src=https://encrypted-tbn0.gstatic.com/images?q=tbn:ANd9GcQa8-_J5SS4Dj-1P0Ncp9DVEcNmo2s2qSH25MBscUCpCfVRyYKuuKulew  align=left width=100 height=200>"
"235","Stelle sulla terra ","<img style=margin:3px 0;margin-right:6px;padding:0 height=86 src=https://encrypted-tbn0.gstatic.com/images?q=tbn:ANd9GcSEaxvaawFM1NXwekzMPYzjSX0NZ7P-weP7yazMbdFQ92wd6xO5ePpSJP8  align=left width=100 height=200>"
"236","Il bambino con il pigiama a righe ","<img style=margin:3px 0;margin-right:6px;padding:0 height=90 src=https://encrypted-tbn0.gstatic.com/images?q=tbn:ANd9GcTATxPY3HBpT3oZZb1lXYJenpsgQdUrEExMnKdc_N4COGmM4MzX3bm-ELo  align=left width=100 height=200>"
"237","Avatar ","<img style=margin:3px 0;margin-right:6px;padding:0 height=90 src=https://encrypted-tbn0.gstatic.com/images?q=tbn:ANd9GcQxIAeAPNzparr5wIhyUnhleRXoCZl04aXvjZZAi8HzUWsvnf6pKvkeBm8  align=left width=100 height=200>"
"238","Harry Potter e i doni della morte - parte 1 ","<img style=margin:3px 0;margin-right:6px;padding:0 height=84 src=https://encrypted-tbn0.gstatic.com/images?q=tbn:ANd9GcRl40fYjSv1JNz-0rKxgIL6qdfT-cbSlZCZz6JaQeMfLgLsRDr5dddxBw  align=left width=100 height=200>"
"239","Harry Potter e i doni della morte - parte 2 ","<img style=margin:3px 0;margin-right:6px;padding:0 height=90 src=https://encrypted-tbn0.gstatic.com/images?q=tbn:ANd9GcQ_tqvf6kKJfWSbbVIrdvhgaSqpe2xzAMomh_vC5I4sVYsmNk0xdcRsCg  align=left width=100 height=200>"
"240","Titanic in 3D ","<img style=margin:3px 0;margin-right:6px;padding:0 height=90 src=https://encrypted-tbn0.gstatic.com/images?q=tbn:ANd9GcR10GSiNnQgWusPxf8gHbVcHYsTiovYld_O2N-nHQHzL8C0zjkydGKATA  align=left width=100 height=200>"
"241","Django Unchained ","<img style=margin:3px 0;margin-right:6px;padding:0 height=89 src=https://encrypted-tbn0.gstatic.com/images?q=tbn:ANd9GcT6JtzRXtJIr47qAYzpWXKwI6IJlPq1gEa5qUftUzm3poBQHVyU0VS71hM  align=left width=100 height=200>"
"242","Il segreto di Italia ","<img style=margin:3px 0;margin-right:6px;padding:0 height=90 src=https://encrypted-tbn0.gstatic.com/images?q=tbn:ANd9GcRn3PwjY7lh_uATCyOL_NSSq3PDsS675PjDeBY4xEEINWMhi27bfb1tlw8  align=left width=100 height=200>"
"243","Fast and Furious 7 ","<img style=margin:3px 0;margin-right:6px;padding:0 height=90 src=https://encrypted-tbn0.gstatic.com/images?q=tbn:ANd9GcQC8zNIGBfPZD-jNE55VLDqyOg0zE9bVd3-ZP4PdmmFtShB9g6-HBdzCmY  align=left width=100 height=200>"
"244","Tini - La nuova vita di Violetta ","<img style=margin:3px 0;margin-right:6px;padding:0 height=55 src=https://encrypted-tbn0.gstatic.com/images?q=tbn:ANd9GcTh0RG-Q5Ev52o1UV-waU5gZeiwcT_CZr-PCwUnNhfvSqv42-jIzhv722Q  align=left width=100 height=200>"
"245","Fast and Furious 8 ","<img style=margin:3px 0;margin-right:6px;padding:0 height=86 src=https://encrypted-tbn0.gstatic.com/images?q=tbn:ANd9GcR0crXcpenmWyKZ9Cu85KBc9klEmMwgyA9sM4eZ0eAHZqYT0k_Z2LfBkw  align=left width=100 height=200>"
"246","Avengers: Infinity War ","<img style=margin:3px 0;margin-right:6px;padding:0 height=86 src=https://encrypted-tbn0.gstatic.com/images?q=tbn:ANd9GcTZKC9pXHLgax6TuWXGvcZ_MLxrqaP4p0J6YbREtLjGDqkOR_hXtNXxUA  align=left width=100 height=200>"
"247","6 Underground ","<img style=margin:3px 0;margin-right:6px;padding:0 height=76 src=https://encrypted-tbn0.gstatic.com/images?q=tbn:ANd9GcQ3Ds_Q3Z57CV49JMeOzuzSUWaFGNXBBOI182ZgBhAIPcTxsj91oNNK9qM_  align=left width=100 height=200>"
"248","Trolls 2 ","<img style=margin:3px 0;margin-right:6px;padding:0 height=58 src=https://encrypted-tbn0.gstatic.com/images?q=tbn:ANd9GcQzI2tY8e0Am3H14GvvWwtYiKEQd6IuCD7rnSm7VG4FcAZY3iAR2JN01vs  align=left width=100 height=200>"
